A,Action-1,1371384356197,12,false
A,Action-1,1371384356329,1,false
A,Action-1,1371384356456,2,false
A,Action-1,1371384356613,3,false
A,Action-1,1371384356742,1,true
A,Action-1,1371384356748,1,true
A,Action-1,1371384356753,1,true
A,Action-1,1371384356759,0,true
A,Action-1,1371384356764,1,true
A,Action-1,1371384356768,0,false
A,Action-1,1371384356838,1,false
A,Action-1,1371384356908,1,true
A,Action-1,1371384356912,1,true
A,Action-1,1371384356917,2,false
A,Action-1,1371384356980,1,true
A,Action-1,1371384356984,1,false
A,Action-1,1371384357071,3,true
A,Action-1,1371384357078,1,false
A,Action-1,1371384357144,2,true
